abc190.contest.atcoder.jp,AtCoder Beginner Contest 190,2021-01-30T22:40:00+09:00,4821,600,0,33
abc191.contest.atcoder.jp,AtCoder Beginner Contest 191,2021-02-06T22:40:00+09:00,6240,230,33,65
arc112.contest.atcoder.jp,AtCoder Regular Contest 112,2021-02-13T23:00:00+09:00,3792,166,65,87
abc192.contest.atcoder.jp,SOMPO HD プログラミングコンテスト2021(AtCoder Beginner Contest 192),2021-02-20T22:40:00+09:00,2774,988,87,208
arc113.contest.atcoder.jp,AtCoder Regular Contest 113,2021-02-21T23:00:00+09:00,3338,-275,208,172
abc193.contest.atcoder.jp,キャディプログラミングコンテスト2021(AtCoder Beginner Contest 193),2021-02-27T22:40:00+09:00,3501,724,172,240
abc194.contest.atcoder.jp,AtCoder Beginner Contest 194,2021-03-06T22:40:00+09:00,4621,465,240,265
abc195.contest.atcoder.jp,パナソニックプログラミングコンテスト（AtCoder Beginner Contest 195）,2021-03-13T22:40:00+09:00,4676,407,265,281
abc196.contest.atcoder.jp,AtCoder Beginner Contest 196,2021-03-20T22:40:00+09:00,4780,509,281,307
abc197.contest.atcoder.jp,AtCoder Beginner Contest 197（Sponsored by Panasonic）,2021-03-27T22:40:00+09:00,3355,727,307,362
abc198.contest.atcoder.jp,AtCoder Beginner Contest 198,2021-04-11T22:40:00+09:00,4065,618,362,395
jsc2021.contest.atcoder.jp,第二回日本最強プログラマー学生選手権,2021-04-17T18:10:00+09:00,2572,481,395,405
abc199.contest.atcoder.jp,AtCoder Beginner Contest 199（Sponsored by Panasonic）,2021-04-24T22:40:00+09:00,3995,686,405,442
zone2021.contest.atcoder.jp,ZONeエナジー プログラミングコンテスト  “HELLO SPACE”,2021-05-01T22:40:00+09:00,2778,850,442,498
abc200.contest.atcoder.jp,京セラプログラミングコンテスト2021（AtCoder Beginner Contest 200）,2021-05-08T22:40:00+09:00,3732,727,498,527
arc118.contest.atcoder.jp,AtCoder Regular Contest 118,2021-05-10T00:05:00+09:00,2204,-55,527,472
abc201.contest.atcoder.jp,マイナビプログラミングコンテスト2021（AtCoder Beginner Contest 201）,2021-05-15T22:40:00+09:00,4777,513,472,477
abc202.contest.atcoder.jp,エイシングプログラミングコンテスト2021（AtCoder Beginner Contest 202）,2021-05-22T22:40:00+09:00,5456,353,477,463
arc120.contest.atcoder.jp,AtCoder Regular Contest 120,2021-05-23T22:00:00+09:00,1602,462,463,463
arc121.contest.atcoder.jp,NOMURA プログラミングコンテスト 2021(AtCoder Regular Contest 121),2021-05-29T23:00:00+09:00,2217,665,463,486
abc203.contest.atcoder.jp,AtCoder Beginner Contest 203（Sponsored by Panasonic）,2021-05-30T22:40:00+09:00,4063,608,486,500
abc204.contest.atcoder.jp,AtCoder Beginner Contest 204,2021-06-06T22:40:00+09:00,2138,1081,500,578
abc205.contest.atcoder.jp,AtCoder Beginner Contest 205,2021-06-13T22:40:00+09:00,2380,998,578,631
abc206.contest.atcoder.jp,AtCoder Beginner Contest 206（Sponsored by Panasonic）,2021-06-19T22:40:00+09:00,3577,756,631,645
abc207.contest.atcoder.jp,AtCoder Beginner Contest 207,2021-06-26T22:40:00+09:00,2602,924,645,677
abc208.contest.atcoder.jp,AtCoder Beginner Contest 208,2021-07-04T22:40:00+09:00,2477,970,677,712
abc209.contest.atcoder.jp,AtCoder Beginner Contest 209,2021-07-10T22:40:00+09:00,4107,626,712,703
